,precision,recall,f1-score,support
0,0.5142857142857142,0.6666666666666666,0.5806451612903226,54.0
1,0.7049180327868853,0.5584415584415584,0.6231884057971014,77.0
accuracy,0.6030534351145038,0.6030534351145038,0.6030534351145038,0.6030534351145038
macro avg,0.6096018735362998,0.6125541125541125,0.601916783543712,131.0
weighted avg,0.6263367717253339,0.6030534351145038,0.6056514958477422,131.0
